gene_id,gene_name,chr,cytoband,input_snp_num,Z_cardiomyocytes,p_cardiomyocytes,Z_non_cardiomyocytes,p_non_cardiomyocytes,p_join
"ENSG00000116977.18","LGALS8",1,"1q43",3,"3.54","3.93e-04**","-4.52","6.09e-06***","1.20e-05***"
"ENSG00000162616.8","DNAJB4",1,"1p31.1",13,"-3.72","1.97e-04**","0.24","8.08e-01","3.94e-04**"
"ENSG00000173171.14","MTX1",1,"1q22",7,"-0.31","7.57e-01","3.57","3.55e-04**","7.11e-04"
"ENSG00000115364.13","MRPL19",2,"2p12",8,"0.87","3.82e-01","-3.65","2.58e-04**","5.16e-04**"
"ENSG00000126062.3","TMEM115",3,"3p21.31",9,"-0.81","4.17e-01","3.78","1.55e-04**","3.10e-04**"
"ENSG00000144712.11","CAND2",3,"3p25.2",9,"1.24","2.17e-01","-5.80","6.52e-09***","1.30e-08***"
"ENSG00000033178.12","UBA6",4,"4q13.2",6,"-3.92","8.97e-05**","2.33","1.97e-02","1.79e-04**"
"ENSG00000151806.13","GUF1",4,"4p12",10,"0.74","4.58e-01","4.61","4.00e-06***","8.00e-06***"
"ENSG00000124275.14","MTRR",5,"5p15.31",1,"-4.35","1.37e-05***",NA,NA,"1.37e-05***"
"ENSG00000184584.12","TMEM173",5,"5q31.2",15,"-5.06","4.29e-07***","3.11","1.88e-03","8.58e-07***"
"ENSG00000138279.15","ANXA7",10,"10q22.2",6,"-4.29","1.77e-05***","0.02","9.87e-01","3.55e-05**"
"ENSG00000138347.15","MYPN",10,"10q21.3",7,"5.03","4.86e-07***","-0.44","6.58e-01","9.72e-07***"
"ENSG00000109919.9","MTCH2",11,"11p11.2",9,"1.24","2.15e-01","3.97","7.28e-05**","1.46e-04**"
"ENSG00000140990.14","NDUFB10",16,"16p13.3",11,"-0.91","3.63e-01","3.61","3.09e-04**","6.19e-04"
"ENSG00000073969.18","NSF",17,"17q21.31",14,"-3.81","1.39e-04**","0.47","6.40e-01","2.78e-04**"
"ENSG00000100380.13","ST13",22,"22q13.2",8,"-3.86","1.14e-04**","-2.44","1.48e-02","2.27e-04**"
"ENSG00000250479.8","CHCHD10",22,"22q11.23",11,"-5.98","2.17e-09***","1.78","7.48e-02","4.33e-09***"
